{"stats":{"minecraft:dropped":{"minecraft:wheat_seeds":2},"minecraft:used":{"minecraft:oak_log":1,"minecraft:dirt":2},"minecraft:custom":{"minecraft:time_since_rest":7220,"minecraft:crouch_one_cm":13,"minecraft:sprint_one_cm":6099,"minecraft:play_time":7220,"minecraft:walk_one_cm":3859,"minecraft:sneak_time":5,"minecraft:walk_under_water_one_cm":122,"minecraft:drop":2,"minecraft:jump":75,"minecraft:damage_dealt":65,"minecraft:leave_game":2,"minecraft:time_since_death":7220,"minecraft:walk_on_water_one_cm":780,"minecraft:total_world_time":7220,"minecraft:swim_one_cm":635,"minecraft:fall_one_cm":2150,"minecraft:fly_one_cm":21173},"minecraft:picked_up":{"minecraft:wheat_seeds":2,"minecraft:oak_log":1,"minecraft:dirt":2},"minecraft:mined":{"minecraft:grass":5,"minecraft:grass_block":2,"minecraft:oak_log":1,"minecraft:tall_grass":4}},"DataVersion":2730}