{"stats":{"minecraft:custom":{"minecraft:jump":18,"minecraft:time_since_rest":485,"minecraft:leave_game":1,"minecraft:crouch_one_cm":13,"minecraft:sprint_one_cm":1612,"minecraft:play_time":485,"minecraft:time_since_death":485,"minecraft:walk_one_cm":1658,"minecraft:sneak_time":5,"minecraft:total_world_time":485,"minecraft:fall_one_cm":1045,"minecraft:fly_one_cm":2031},"minecraft:mined":{"minecraft:grass":2,"minecraft:grass_block":1,"minecraft:oak_log":1},"minecraft:used":{"minecraft:oak_log":1,"minecraft:dirt":1},"minecraft:picked_up":{"minecraft:oak_log":1,"minecraft:wheat_seeds":1,"minecraft:dirt":1}},"DataVersion":2730}